<?xml version="1.0" encoding="UTF-8" standalone="no"?>
<Configuration>
  <Components>
    <UniqueComponent dnOrder="0" id="cmsis"/>
    <UniqueComponent dnOrder="1" id="core">
      <Symbols dnOrder="0">
        <String dnOrder="0" id="BSP_PIN_10_MODE">
          <Values dnOrder="0">
            <User dnOrder="0" value="DIGITAL"/>
          </Values>
        </String>
        <String dnOrder="1" id="BSP_PIN_11_MODE">
          <Values dnOrder="0">
            <User dnOrder="0" value="DIGITAL"/>
          </Values>
        </String>
        <String dnOrder="2" id="BSP_PIN_12_MODE">
          <Values dnOrder="0">
            <User dnOrder="0" value="DIGITAL"/>
          </Values>
        </String>
        <String dnOrder="3" id="BSP_PIN_13_MODE">
          <Values dnOrder="0">
            <User dnOrder="0" value="DIGITAL"/>
          </Values>
        </String>
        <String dnOrder="4" id="BSP_PIN_14_MODE">
          <Values dnOrder="0">
            <User dnOrder="0" value="DIGITAL"/>
          </Values>
        </String>
        <String dnOrder="5" id="BSP_PIN_15_MODE">
          <Values dnOrder="0">
            <User dnOrder="0" value="DIGITAL"/>
          </Values>
        </String>
        <String dnOrder="6" id="BSP_PIN_16_FUNCTION_TYPE">
          <Values dnOrder="0">
            <User dnOrder="0" value="SERCOM2_PAD0"/>
          </Values>
        </String>
        <String dnOrder="7" id="BSP_PIN_16_MODE">
          <Values dnOrder="0">
            <User dnOrder="0" value="DIGITAL"/>
          </Values>
        </String>
        <String dnOrder="8" id="BSP_PIN_16_PU">
          <Values dnOrder="0">
            <User dnOrder="0" value=""/>
          </Values>
        </String>
        <String dnOrder="9" id="BSP_PIN_17_FUNCTION_TYPE">
          <Values dnOrder="0">
            <User dnOrder="0" value="SERCOM2_PAD1"/>
          </Values>
        </String>
        <String dnOrder="10" id="BSP_PIN_17_MODE">
          <Values dnOrder="0">
            <User dnOrder="0" value="DIGITAL"/>
          </Values>
        </String>
        <String dnOrder="11" id="BSP_PIN_17_PU">
          <Values dnOrder="0">
            <User dnOrder="0" value=""/>
          </Values>
        </String>
        <String dnOrder="12" id="BSP_PIN_33_DIR">
          <Values dnOrder="0">
            <User dnOrder="0" value="Out"/>
          </Values>
        </String>
        <String dnOrder="13" id="BSP_PIN_33_FUNCTION_NAME">
          <Values dnOrder="0">
            <User dnOrder="0" value="LED"/>
          </Values>
        </String>
        <String dnOrder="14" id="BSP_PIN_33_FUNCTION_TYPE">
          <Values dnOrder="0">
            <User dnOrder="0" value="GPIO"/>
          </Values>
        </String>
        <String dnOrder="15" id="BSP_PIN_33_MODE">
          <Values dnOrder="0">
            <User dnOrder="0" value="DIGITAL"/>
          </Values>
        </String>
        <String dnOrder="16" id="BSP_PIN_40_MODE">
          <Values dnOrder="0">
            <User dnOrder="0" value="DIGITAL"/>
          </Values>
        </String>
        <String dnOrder="17" id="BSP_PIN_41_MODE">
          <Values dnOrder="0">
            <User dnOrder="0" value="DIGITAL"/>
          </Values>
        </String>
        <String dnOrder="18" id="BSP_PIN_42_MODE">
          <Values dnOrder="0">
            <User dnOrder="0" value="DIGITAL"/>
          </Values>
        </String>
        <String dnOrder="19" id="BSP_PIN_43_MODE">
          <Values dnOrder="0">
            <User dnOrder="0" value="DIGITAL"/>
          </Values>
        </String>
        <String dnOrder="20" id="BSP_PIN_44_MODE">
          <Values dnOrder="0">
            <User dnOrder="0" value="DIGITAL"/>
          </Values>
        </String>
        <String dnOrder="21" id="BSP_PIN_47_MODE">
          <Values dnOrder="0">
            <User dnOrder="0" value="DIGITAL"/>
          </Values>
        </String>
        <String dnOrder="22" id="BSP_PIN_4_MODE">
          <Values dnOrder="0">
            <User dnOrder="0" value="DIGITAL"/>
          </Values>
        </String>
        <String dnOrder="23" id="BSP_PIN_5_MODE">
          <Values dnOrder="0">
            <User dnOrder="0" value="DIGITAL"/>
          </Values>
        </String>
        <String dnOrder="24" id="BSP_PIN_6_MODE">
          <Values dnOrder="0">
            <User dnOrder="0" value="DIGITAL"/>
          </Values>
        </String>
        <String dnOrder="25" id="BSP_PIN_7_MODE">
          <Values dnOrder="0">
            <User dnOrder="0" value="DIGITAL"/>
          </Values>
        </String>
        <String dnOrder="26" id="BSP_PIN_9_MODE">
          <Values dnOrder="0">
            <User dnOrder="0" value="DIGITAL"/>
          </Values>
        </String>
        <Hex dnOrder="27" id="CFGPCLKGEN1_REG">
          <Values dnOrder="0">
            <Dynamic dnOrder="0" id="core" value="589824"/>
          </Values>
        </Hex>
        <KeyValueSet dnOrder="28" id="COMPILER_CHOICE">
          <Values dnOrder="0">
            <Dynamic dnOrder="0" id="core" value="0"/>
          </Values>
        </KeyValueSet>
        <Combo dnOrder="29" id="CONFIG_POSCMOD">
          <Values dnOrder="0">
            <Dynamic dnOrder="0" id="core" value="HS"/>
          </Values>
        </Combo>
        <Combo dnOrder="30" id="CONFIG_SCOM2_HSEN">
          <Values dnOrder="0">
            <User dnOrder="0" value="DIRECT"/>
          </Values>
        </Combo>
        <KeyValueSet dnOrder="31" id="DEVICE_TCM_SIZE">
          <Values dnOrder="0">
            <Dynamic dnOrder="0" id="core" value="0"/>
          </Values>
        </KeyValueSet>
        <Boolean dnOrder="32" id="GCLK_ID_3_CHEN">
          <Values dnOrder="0">
            <Dynamic dnOrder="0" id="core" value="false"/>
          </Values>
        </Boolean>
        <Integer dnOrder="33" id="GCLK_ID_3_FREQ">
          <Values dnOrder="0">
            <Dynamic dnOrder="0" id="core" value="0"/>
          </Values>
        </Integer>
        <KeyValueSet dnOrder="34" id="GCLK_ID_3_GENSEL">
          <Values dnOrder="0">
            <Dynamic dnOrder="0" id="core" value="0"/>
          </Values>
        </KeyValueSet>
        <Boolean dnOrder="35" id="GCLK_ID_4_CHEN">
          <Values dnOrder="0">
            <Dynamic dnOrder="0" id="core" value="true"/>
          </Values>
        </Boolean>
        <Integer dnOrder="36" id="GCLK_ID_4_FREQ">
          <Values dnOrder="0">
            <Dynamic dnOrder="0" id="core" value="64000000"/>
          </Values>
        </Integer>
        <KeyValueSet dnOrder="37" id="GCLK_ID_4_GENSEL">
          <Values dnOrder="0">
            <Dynamic dnOrder="0" id="core" value="1"/>
          </Values>
        </KeyValueSet>
        <String dnOrder="38" id="KEIL_STACK_HEAP_SIZE">
          <Values dnOrder="0">
            <Dynamic dnOrder="0" id="core" value="0x1200"/>
          </Values>
        </String>
        <Boolean dnOrder="39" id="NVIC_12_0_ENABLE">
          <Values dnOrder="0">
            <Dynamic dnOrder="0" id="core" value="false"/>
          </Values>
        </Boolean>
        <String dnOrder="40" id="NVIC_12_0_HANDLER">
          <Values dnOrder="0">
            <Dynamic dnOrder="0" id="core" value="SERCOM0_Handler"/>
          </Values>
        </String>
        <Boolean dnOrder="41" id="NVIC_12_0_HANDLER_LOCK">
          <Values dnOrder="0">
            <Dynamic dnOrder="0" id="core" value="false"/>
          </Values>
        </Boolean>
        <Boolean dnOrder="42" id="NVIC_14_0_ENABLE">
          <Values dnOrder="0">
            <Dynamic dnOrder="0" id="core" value="true"/>
          </Values>
        </Boolean>
        <String dnOrder="43" id="NVIC_14_0_HANDLER">
          <Values dnOrder="0">
            <Dynamic dnOrder="0" id="core" value="SERCOM2_I2C_InterruptHandler"/>
          </Values>
        </String>
        <Boolean dnOrder="44" id="NVIC_14_0_HANDLER_LOCK">
          <Values dnOrder="0">
            <Dynamic dnOrder="0" id="core" value="true"/>
          </Values>
        </Boolean>
        <Hex dnOrder="45" id="PMD3_REG_VALUE">
          <Values dnOrder="0">
            <Dynamic dnOrder="0" id="core" value="32763"/>
          </Values>
        </Hex>
        <Integer dnOrder="46" id="SERCOM0_CORE_CLOCK_FREQUENCY">
          <Values dnOrder="0">
            <Dynamic dnOrder="0" id="core" value="0"/>
          </Values>
        </Integer>
        <Boolean dnOrder="47" id="SERCOM0_INTERRUPT_ENABLE_UPDATE">
          <Values dnOrder="0">
            <Dynamic dnOrder="0" id="core" value="true"/>
          </Values>
        </Boolean>
        <Boolean dnOrder="48" id="SERCOM2_CORE_CLOCK_ENABLE">
          <Values dnOrder="0">
            <Dynamic dnOrder="0" id="sercom2" value="true"/>
          </Values>
        </Boolean>
        <Integer dnOrder="49" id="SERCOM2_CORE_CLOCK_FREQUENCY">
          <Values dnOrder="0">
            <Dynamic dnOrder="0" id="core" value="64000000"/>
          </Values>
        </Integer>
        <Boolean dnOrder="50" id="SERCOM2_INTERRUPT_ENABLE">
          <Values dnOrder="0">
            <Dynamic dnOrder="0" id="sercom2" value="true"/>
          </Values>
        </Boolean>
        <Boolean dnOrder="51" id="SERCOM2_INTERRUPT_ENABLE_UPDATE">
          <Values dnOrder="0">
            <Dynamic dnOrder="0" id="core" value="false"/>
          </Values>
        </Boolean>
        <String dnOrder="52" id="SERCOM2_INTERRUPT_HANDLER">
          <Values dnOrder="0">
            <Dynamic dnOrder="0" id="sercom2" value="SERCOM2_I2C_InterruptHandler"/>
          </Values>
        </String>
        <Boolean dnOrder="53" id="SERCOM2_INTERRUPT_HANDLER_LOCK">
          <Values dnOrder="0">
            <Dynamic dnOrder="0" id="sercom2" value="true"/>
          </Values>
        </Boolean>
        <Hex dnOrder="54" id="SYS_PORT_A_CNPU">
          <Values dnOrder="0">
            <Dynamic dnOrder="0" id="core" value="0"/>
          </Values>
        </Hex>
        <Hex dnOrder="55" id="SYS_PORT_B_ANSEL">
          <Values dnOrder="0">
            <Dynamic dnOrder="0" id="core" value="8"/>
          </Values>
        </Hex>
        <Hex dnOrder="56" id="SYS_PORT_B_TRIS">
          <Values dnOrder="0">
            <Dynamic dnOrder="0" id="core" value="8"/>
          </Values>
        </Hex>
        <KeyValueSet dnOrder="57" id="SYS_PORT_PPS_OUTPUT_FUNCTION_0">
          <Attributes dnOrder="0">
            <KeyValuePairList dnOrder="0" id="pairs">
              <Pairs dnOrder="0">
                <Pair description="QSPI_SCK (out)" dnOrder="0" key="QSPI_SCK (out)" value="23"/>
                <Pair description="SERCOM3_PAD0 (out)" dnOrder="1" key="SERCOM3_PAD0 (out)" value="10"/>
                <Pair description="SERCOM0_PAD0 (out)" dnOrder="2" key="SERCOM0_PAD0 (out)" value="2"/>
                <Pair description="TC1_WO1 (out)" dnOrder="3" key="TC1_WO1 (out)" value="20"/>
                <Pair description="TC2_WO0 (out)" dnOrder="4" key="TC2_WO0 (out)" value="21"/>
                <Pair description="SERCOM2_PAD2 (out)" dnOrder="5" key="SERCOM2_PAD2 (out)" value="7"/>
                <Pair description="SERCOM0_PAD3 (out)" dnOrder="6" key="SERCOM0_PAD3 (out)" value="3"/>
                <Pair description="TC3_WO0 (out)" dnOrder="7" key="TC3_WO0 (out)" value="22"/>
                <Pair description="SERCOM1_PAD1 (out)" dnOrder="8" key="SERCOM1_PAD1 (out)" value="5"/>
                <Pair description="TC2_WO1 (out)" dnOrder="9" key="TC2_WO1 (out)" value="21"/>
                <Pair description="QSPI_DATA2 (out)" dnOrder="10" key="QSPI_DATA2 (out)" value="25"/>
                <Pair description="SERCOM1_PAD0 (out)" dnOrder="11" key="SERCOM1_PAD0 (out)" value="6"/>
                <Pair description="SERCOM3_PAD3 (out)" dnOrder="12" key="SERCOM3_PAD3 (out)" value="9"/>
                <Pair description="SERCOM0_PAD1 (out)" dnOrder="13" key="SERCOM0_PAD1 (out)" value="2"/>
                <Pair description="SERCOM2_PAD0 (out)" dnOrder="14" key="SERCOM2_PAD0 (out)" value="8"/>
                <Pair description="SERCOM2_PAD3 (out)" dnOrder="15" key="SERCOM2_PAD3 (out)" value="7"/>
                <Pair description="TCC1_WO1" dnOrder="16" key="TCC1_WO1" value="15"/>
                <Pair description="TCC1_WO0" dnOrder="17" key="TCC1_WO0" value="15"/>
                <Pair description="QSPI_DATA3 (out)" dnOrder="18" key="QSPI_DATA3 (out)" value="27"/>
                <Pair description="QSPI_CS (out)" dnOrder="19" key="QSPI_CS (out)" value="24"/>
                <Pair description="SERCOM1_PAD3 (out)" dnOrder="20" key="SERCOM1_PAD3 (out)" value="4"/>
                <Pair description="TCC1_WO5" dnOrder="21" key="TCC1_WO5" value="16"/>
                <Pair description="TCC1_WO4" dnOrder="22" key="TCC1_WO4" value="16"/>
                <Pair description="TCC1_WO3" dnOrder="23" key="TCC1_WO3" value="14"/>
                <Pair description="TCC1_WO2" dnOrder="24" key="TCC1_WO2" value="14"/>
                <Pair description="TCC0_WO4" dnOrder="25" key="TCC0_WO4" value="13"/>
                <Pair description="TCC0_WO3" dnOrder="26" key="TCC0_WO3" value="11"/>
                <Pair description="SERCOM2_PAD1 (out)" dnOrder="27" key="SERCOM2_PAD1 (out)" value="7"/>
                <Pair description="TCC0_WO5" dnOrder="28" key="TCC0_WO5" value="13"/>
                <Pair description="QSPI_DATA0 (out)" dnOrder="29" key="QSPI_DATA0 (out)" value="27"/>
                <Pair description="REFO3" dnOrder="30" key="REFO3" value="19"/>
                <Pair description="REFO2" dnOrder="31" key="REFO2" value="19"/>
                <Pair description="REFO1" dnOrder="32" key="REFO1" value="19"/>
                <Pair description="TC0_WO0 (out)" dnOrder="33" key="TC0_WO0 (out)" value="18"/>
                <Pair description="SERCOM3_PAD2 (out)" dnOrder="34" key="SERCOM3_PAD2 (out)" value="10"/>
                <Pair description="REFO4" dnOrder="35" key="REFO4" value="19"/>
                <Pair description="TCC0_WO0" dnOrder="36" key="TCC0_WO0" value="12"/>
                <Pair description="TCC0_WO2" dnOrder="37" key="TCC0_WO2" value="11"/>
                <Pair description="TCC0_WO1" dnOrder="38" key="TCC0_WO1" value="12"/>
                <Pair description="SERCOM3_PAD1 (out)" dnOrder="39" key="SERCOM3_PAD1 (out)" value="10"/>
                <Pair description="SERCOM1_PAD2 (out)" dnOrder="40" key="SERCOM1_PAD2 (out)" value="4"/>
                <Pair description="TC1_WO0 (out)" dnOrder="41" key="TC1_WO0 (out)" value="20"/>
                <Pair description="TC0_WO1 (out)" dnOrder="42" key="TC0_WO1 (out)" value="18"/>
                <Pair description="TCC2_WO0" dnOrder="43" key="TCC2_WO0" value="17"/>
                <Pair description="SERCOM0_PAD2 (out)" dnOrder="44" key="SERCOM0_PAD2 (out)" value="1"/>
                <Pair description="CCL_OUT0" dnOrder="45" key="CCL_OUT0" value="28"/>
                <Pair description="CCL_OUT1" dnOrder="46" key="CCL_OUT1" value="28"/>
                <Pair description="QSPI_DATA1 (out)" dnOrder="47" key="QSPI_DATA1 (out)" value="26"/>
                <Pair description="TCC2_WO1" dnOrder="48" key="TCC2_WO1" value="17"/>
                <Pair description="TC3_WO1 (out)" dnOrder="49" key="TC3_WO1 (out)" value="22"/>
              </Pairs>
            </KeyValuePairList>
            <Boolean dnOrder="1" id="visible">
              <Value dnOrder="0">false</Value>
            </Boolean>
          </Attributes>
          <Values dnOrder="1">
            <User dnOrder="0" value="2"/>
          </Values>
        </KeyValueSet>
        <KeyValueSet dnOrder="58" id="SYS_PORT_PPS_OUTPUT_FUNCTION_1">
          <Attributes dnOrder="0">
            <KeyValuePairList dnOrder="0" id="pairs">
              <Pairs dnOrder="0">
                <Pair description="QSPI_SCK (out)" dnOrder="0" key="QSPI_SCK (out)" value="23"/>
                <Pair description="SERCOM3_PAD0 (out)" dnOrder="1" key="SERCOM3_PAD0 (out)" value="10"/>
                <Pair description="SERCOM0_PAD0 (out)" dnOrder="2" key="SERCOM0_PAD0 (out)" value="3"/>
                <Pair description="TC1_WO1 (out)" dnOrder="3" key="TC1_WO1 (out)" value="20"/>
                <Pair description="TC2_WO0 (out)" dnOrder="4" key="TC2_WO0 (out)" value="21"/>
                <Pair description="SERCOM2_PAD2 (out)" dnOrder="5" key="SERCOM2_PAD2 (out)" value="7"/>
                <Pair description="SERCOM0_PAD3 (out)" dnOrder="6" key="SERCOM0_PAD3 (out)" value="3"/>
                <Pair description="TC3_WO0 (out)" dnOrder="7" key="TC3_WO0 (out)" value="22"/>
                <Pair description="SERCOM1_PAD1 (out)" dnOrder="8" key="SERCOM1_PAD1 (out)" value="5"/>
                <Pair description="TC2_WO1 (out)" dnOrder="9" key="TC2_WO1 (out)" value="21"/>
                <Pair description="QSPI_DATA2 (out)" dnOrder="10" key="QSPI_DATA2 (out)" value="25"/>
                <Pair description="SERCOM1_PAD0 (out)" dnOrder="11" key="SERCOM1_PAD0 (out)" value="6"/>
                <Pair description="SERCOM3_PAD3 (out)" dnOrder="12" key="SERCOM3_PAD3 (out)" value="9"/>
                <Pair description="SERCOM0_PAD1 (out)" dnOrder="13" key="SERCOM0_PAD1 (out)" value="3"/>
                <Pair description="SERCOM2_PAD0 (out)" dnOrder="14" key="SERCOM2_PAD0 (out)" value="8"/>
                <Pair description="SERCOM2_PAD3 (out)" dnOrder="15" key="SERCOM2_PAD3 (out)" value="7"/>
                <Pair description="TCC1_WO1" dnOrder="16" key="TCC1_WO1" value="15"/>
                <Pair description="TCC1_WO0" dnOrder="17" key="TCC1_WO0" value="15"/>
                <Pair description="QSPI_DATA3 (out)" dnOrder="18" key="QSPI_DATA3 (out)" value="27"/>
                <Pair description="QSPI_CS (out)" dnOrder="19" key="QSPI_CS (out)" value="24"/>
                <Pair description="SERCOM1_PAD3 (out)" dnOrder="20" key="SERCOM1_PAD3 (out)" value="4"/>
                <Pair description="TCC1_WO5" dnOrder="21" key="TCC1_WO5" value="16"/>
                <Pair description="TCC1_WO4" dnOrder="22" key="TCC1_WO4" value="16"/>
                <Pair description="TCC1_WO3" dnOrder="23" key="TCC1_WO3" value="14"/>
                <Pair description="TCC1_WO2" dnOrder="24" key="TCC1_WO2" value="14"/>
                <Pair description="TCC0_WO4" dnOrder="25" key="TCC0_WO4" value="13"/>
                <Pair description="TCC0_WO3" dnOrder="26" key="TCC0_WO3" value="11"/>
                <Pair description="SERCOM2_PAD1 (out)" dnOrder="27" key="SERCOM2_PAD1 (out)" value="7"/>
                <Pair description="TCC0_WO5" dnOrder="28" key="TCC0_WO5" value="13"/>
                <Pair description="QSPI_DATA0 (out)" dnOrder="29" key="QSPI_DATA0 (out)" value="27"/>
                <Pair description="REFO3" dnOrder="30" key="REFO3" value="19"/>
                <Pair description="REFO2" dnOrder="31" key="REFO2" value="19"/>
                <Pair description="REFO1" dnOrder="32" key="REFO1" value="19"/>
                <Pair description="TC0_WO0 (out)" dnOrder="33" key="TC0_WO0 (out)" value="18"/>
                <Pair description="SERCOM3_PAD2 (out)" dnOrder="34" key="SERCOM3_PAD2 (out)" value="10"/>
                <Pair description="REFO4" dnOrder="35" key="REFO4" value="19"/>
                <Pair description="TCC0_WO0" dnOrder="36" key="TCC0_WO0" value="12"/>
                <Pair description="TCC0_WO2" dnOrder="37" key="TCC0_WO2" value="11"/>
                <Pair description="TCC0_WO1" dnOrder="38" key="TCC0_WO1" value="12"/>
                <Pair description="SERCOM3_PAD1 (out)" dnOrder="39" key="SERCOM3_PAD1 (out)" value="10"/>
                <Pair description="SERCOM1_PAD2 (out)" dnOrder="40" key="SERCOM1_PAD2 (out)" value="4"/>
                <Pair description="TC1_WO0 (out)" dnOrder="41" key="TC1_WO0 (out)" value="20"/>
                <Pair description="TC0_WO1 (out)" dnOrder="42" key="TC0_WO1 (out)" value="18"/>
                <Pair description="TCC2_WO0" dnOrder="43" key="TCC2_WO0" value="17"/>
                <Pair description="SERCOM0_PAD2 (out)" dnOrder="44" key="SERCOM0_PAD2 (out)" value="1"/>
                <Pair description="CCL_OUT0" dnOrder="45" key="CCL_OUT0" value="28"/>
                <Pair description="CCL_OUT1" dnOrder="46" key="CCL_OUT1" value="28"/>
                <Pair description="QSPI_DATA1 (out)" dnOrder="47" key="QSPI_DATA1 (out)" value="26"/>
                <Pair description="TCC2_WO1" dnOrder="48" key="TCC2_WO1" value="17"/>
                <Pair description="TC3_WO1 (out)" dnOrder="49" key="TC3_WO1 (out)" value="22"/>
              </Pairs>
            </KeyValuePairList>
            <Boolean dnOrder="1" id="visible">
              <Value dnOrder="0">false</Value>
            </Boolean>
          </Attributes>
          <Values dnOrder="1">
            <User dnOrder="0" value="13"/>
          </Values>
        </KeyValueSet>
        <KeyValueSet dnOrder="59" id="SYS_PORT_PPS_OUTPUT_PIN_0">
          <Attributes dnOrder="0">
            <KeyValuePairList dnOrder="0" id="pairs">
              <Pairs dnOrder="0">
                <Pair description="RPB2G4R" dnOrder="0" key="RPB2" value="RPB2G4R"/>
                <Pair description="RPB3G4R" dnOrder="1" key="RPB3" value="RPB3G4R"/>
                <Pair description="RPA10G4R" dnOrder="2" key="RPA10" value="RPA10G4R"/>
                <Pair description="RPB0G2R" dnOrder="3" key="RPB0" value="RPB0G2R"/>
                <Pair description="RPB1G3R" dnOrder="4" key="RPB1" value="RPB1G3R"/>
                <Pair description="RPB10G4R" dnOrder="5" key="RPB10" value="RPB10G4R"/>
                <Pair description="RPB11G4R" dnOrder="6" key="RPB11" value="RPB11G4R"/>
                <Pair description="RPB12G2R" dnOrder="7" key="RPB12" value="RPB12G2R"/>
                <Pair description="RPA13G4R" dnOrder="8" key="RPA13" value="RPA13G3R"/>
                <Pair description="RPA14G4R" dnOrder="9" key="RPA14" value="RPA14G4R"/>
                <Pair description="RPB13G3R" dnOrder="10" key="RPB13" value="RPB13G3R"/>
                <Pair description="RPB8G2R" dnOrder="11" key="RPB8" value="RPB8G2R"/>
                <Pair description="RPB9G3R" dnOrder="12" key="RPB9" value="RPB9G3R"/>
                <Pair description="RPB6G4R" dnOrder="13" key="RPB6" value="RPB6G4R"/>
                <Pair description="RPB7G4R" dnOrder="14" key="RPB7" value="RPB7G4R"/>
                <Pair description="RPB4G2R" dnOrder="15" key="RPB4" value="RPB4G2R"/>
                <Pair description="RPB5G3R" dnOrder="16" key="RPB5" value="RPB5G3R"/>
                <Pair description="RPA1G4R" dnOrder="17" key="RPA1" value="RPA1G4R"/>
                <Pair description="RPA2G4R" dnOrder="18" key="RPA2" value="RPA2G4R"/>
                <Pair description="RPA0G3R" dnOrder="19" key="RPA0" value="RPA0G3R"/>
                <Pair description="RPA9G4R" dnOrder="20" key="RPA9" value="RPA9G4R"/>
                <Pair description="RPA7G2R" dnOrder="21" key="RPA7" value="RPA7G2R"/>
                <Pair description="RPA8G4R" dnOrder="22" key="RPA8" value="RPA8G4R"/>
                <Pair description="RPA5G4R" dnOrder="23" key="RPA5" value="RPA5G4R"/>
                <Pair description="RPA6G4R" dnOrder="24" key="RPA6" value="RPA6G4R"/>
                <Pair description="RPA3G3R" dnOrder="25" key="RPA3" value="RPA3G3R"/>
                <Pair description="RPA4G4R" dnOrder="26" key="RPA4" value="RPA4G4R"/>
              </Pairs>
            </KeyValuePairList>
            <Boolean dnOrder="1" id="visible">
              <Value dnOrder="0">false</Value>
            </Boolean>
          </Attributes>
          <Values dnOrder="1">
            <User dnOrder="0" value="8"/>
          </Values>
        </KeyValueSet>
        <KeyValueSet dnOrder="60" id="SYS_PORT_PPS_OUTPUT_PIN_1">
          <Attributes dnOrder="0">
            <KeyValuePairList dnOrder="0" id="pairs">
              <Pairs dnOrder="0">
                <Pair description="RPB2G4R" dnOrder="0" key="RPB2" value="RPB2G4R"/>
                <Pair description="RPB3G4R" dnOrder="1" key="RPB3" value="RPB3G4R"/>
                <Pair description="RPA10G4R" dnOrder="2" key="RPA10" value="RPA10G4R"/>
                <Pair description="RPB0G2R" dnOrder="3" key="RPB0" value="RPB0G2R"/>
                <Pair description="RPB1G3R" dnOrder="4" key="RPB1" value="RPB1G3R"/>
                <Pair description="RPB10G4R" dnOrder="5" key="RPB10" value="RPB10G4R"/>
                <Pair description="RPB11G4R" dnOrder="6" key="RPB11" value="RPB11G4R"/>
                <Pair description="RPB12G2R" dnOrder="7" key="RPB12" value="RPB12G2R"/>
                <Pair description="RPA13G4R" dnOrder="8" key="RPA13" value="RPA13G4R"/>
                <Pair description="RPA14G4R" dnOrder="9" key="RPA14" value="RPA14G1R"/>
                <Pair description="RPB13G3R" dnOrder="10" key="RPB13" value="RPB13G3R"/>
                <Pair description="RPB8G2R" dnOrder="11" key="RPB8" value="RPB8G2R"/>
                <Pair description="RPB9G3R" dnOrder="12" key="RPB9" value="RPB9G3R"/>
                <Pair description="RPB6G4R" dnOrder="13" key="RPB6" value="RPB6G4R"/>
                <Pair description="RPB7G4R" dnOrder="14" key="RPB7" value="RPB7G4R"/>
                <Pair description="RPB4G2R" dnOrder="15" key="RPB4" value="RPB4G2R"/>
                <Pair description="RPB5G3R" dnOrder="16" key="RPB5" value="RPB5G3R"/>
                <Pair description="RPA1G4R" dnOrder="17" key="RPA1" value="RPA1G4R"/>
                <Pair description="RPA2G4R" dnOrder="18" key="RPA2" value="RPA2G4R"/>
                <Pair description="RPA0G3R" dnOrder="19" key="RPA0" value="RPA0G3R"/>
                <Pair description="RPA9G4R" dnOrder="20" key="RPA9" value="RPA9G4R"/>
                <Pair description="RPA7G2R" dnOrder="21" key="RPA7" value="RPA7G2R"/>
                <Pair description="RPA8G4R" dnOrder="22" key="RPA8" value="RPA8G4R"/>
                <Pair description="RPA5G4R" dnOrder="23" key="RPA5" value="RPA5G4R"/>
                <Pair description="RPA6G4R" dnOrder="24" key="RPA6" value="RPA6G4R"/>
                <Pair description="RPA3G3R" dnOrder="25" key="RPA3" value="RPA3G3R"/>
                <Pair description="RPA4G4R" dnOrder="26" key="RPA4" value="RPA4G4R"/>
              </Pairs>
            </KeyValuePairList>
            <Boolean dnOrder="1" id="visible">
              <Value dnOrder="0">false</Value>
            </Boolean>
          </Attributes>
          <Values dnOrder="1">
            <User dnOrder="0" value="9"/>
          </Values>
        </KeyValueSet>
        <Boolean dnOrder="61" id="USE_PPS_OUTPUT_0">
          <Values dnOrder="0">
            <User dnOrder="0" value="false"/>
          </Values>
        </Boolean>
        <Boolean dnOrder="62" id="USE_PPS_OUTPUT_1">
          <Values dnOrder="0">
            <User dnOrder="0" value="false"/>
          </Values>
        </Boolean>
      </Symbols>
    </UniqueComponent>
    <UniqueComponent dnOrder="2" id="dfp"/>
    <UniqueComponent dnOrder="3" id="evsys">
      <Symbols dnOrder="0">
        <Boolean dnOrder="0" id="EVSYS_CHANNEL_0_USER_READY">
          <Values dnOrder="0">
            <Dynamic dnOrder="0" id="evsys" value="false"/>
          </Values>
        </Boolean>
        <Boolean dnOrder="1" id="EVSYS_CHANNEL_10_USER_READY">
          <Values dnOrder="0">
            <Dynamic dnOrder="0" id="evsys" value="false"/>
          </Values>
        </Boolean>
        <Boolean dnOrder="2" id="EVSYS_CHANNEL_11_USER_READY">
          <Values dnOrder="0">
            <Dynamic dnOrder="0" id="evsys" value="false"/>
          </Values>
        </Boolean>
        <Boolean dnOrder="3" id="EVSYS_CHANNEL_12_USER_READY">
          <Values dnOrder="0">
            <Dynamic dnOrder="0" id="evsys" value="false"/>
          </Values>
        </Boolean>
        <Boolean dnOrder="4" id="EVSYS_CHANNEL_13_USER_READY">
          <Values dnOrder="0">
            <Dynamic dnOrder="0" id="evsys" value="false"/>
          </Values>
        </Boolean>
        <Boolean dnOrder="5" id="EVSYS_CHANNEL_14_USER_READY">
          <Values dnOrder="0">
            <Dynamic dnOrder="0" id="evsys" value="false"/>
          </Values>
        </Boolean>
        <Boolean dnOrder="6" id="EVSYS_CHANNEL_15_USER_READY">
          <Values dnOrder="0">
            <Dynamic dnOrder="0" id="evsys" value="false"/>
          </Values>
        </Boolean>
        <Boolean dnOrder="7" id="EVSYS_CHANNEL_16_USER_READY">
          <Values dnOrder="0">
            <Dynamic dnOrder="0" id="evsys" value="false"/>
          </Values>
        </Boolean>
        <Boolean dnOrder="8" id="EVSYS_CHANNEL_17_USER_READY">
          <Values dnOrder="0">
            <Dynamic dnOrder="0" id="evsys" value="false"/>
          </Values>
        </Boolean>
        <Boolean dnOrder="9" id="EVSYS_CHANNEL_18_USER_READY">
          <Values dnOrder="0">
            <Dynamic dnOrder="0" id="evsys" value="false"/>
          </Values>
        </Boolean>
        <Boolean dnOrder="10" id="EVSYS_CHANNEL_19_USER_READY">
          <Values dnOrder="0">
            <Dynamic dnOrder="0" id="evsys" value="false"/>
          </Values>
        </Boolean>
        <Boolean dnOrder="11" id="EVSYS_CHANNEL_1_USER_READY">
          <Values dnOrder="0">
            <Dynamic dnOrder="0" id="evsys" value="false"/>
          </Values>
        </Boolean>
        <Boolean dnOrder="12" id="EVSYS_CHANNEL_20_USER_READY">
          <Values dnOrder="0">
            <Dynamic dnOrder="0" id="evsys" value="false"/>
          </Values>
        </Boolean>
        <Boolean dnOrder="13" id="EVSYS_CHANNEL_21_USER_READY">
          <Values dnOrder="0">
            <Dynamic dnOrder="0" id="evsys" value="false"/>
          </Values>
        </Boolean>
        <Boolean dnOrder="14" id="EVSYS_CHANNEL_22_USER_READY">
          <Values dnOrder="0">
            <Dynamic dnOrder="0" id="evsys" value="false"/>
          </Values>
        </Boolean>
        <Boolean dnOrder="15" id="EVSYS_CHANNEL_23_USER_READY">
          <Values dnOrder="0">
            <Dynamic dnOrder="0" id="evsys" value="false"/>
          </Values>
        </Boolean>
        <Boolean dnOrder="16" id="EVSYS_CHANNEL_24_USER_READY">
          <Values dnOrder="0">
            <Dynamic dnOrder="0" id="evsys" value="false"/>
          </Values>
        </Boolean>
        <Boolean dnOrder="17" id="EVSYS_CHANNEL_25_USER_READY">
          <Values dnOrder="0">
            <Dynamic dnOrder="0" id="evsys" value="false"/>
          </Values>
        </Boolean>
        <Boolean dnOrder="18" id="EVSYS_CHANNEL_26_USER_READY">
          <Values dnOrder="0">
            <Dynamic dnOrder="0" id="evsys" value="false"/>
          </Values>
        </Boolean>
        <Boolean dnOrder="19" id="EVSYS_CHANNEL_27_USER_READY">
          <Values dnOrder="0">
            <Dynamic dnOrder="0" id="evsys" value="false"/>
          </Values>
        </Boolean>
        <Boolean dnOrder="20" id="EVSYS_CHANNEL_28_USER_READY">
          <Values dnOrder="0">
            <Dynamic dnOrder="0" id="evsys" value="false"/>
          </Values>
        </Boolean>
        <Boolean dnOrder="21" id="EVSYS_CHANNEL_29_USER_READY">
          <Values dnOrder="0">
            <Dynamic dnOrder="0" id="evsys" value="false"/>
          </Values>
        </Boolean>
        <Boolean dnOrder="22" id="EVSYS_CHANNEL_2_USER_READY">
          <Values dnOrder="0">
            <Dynamic dnOrder="0" id="evsys" value="false"/>
          </Values>
        </Boolean>
        <Boolean dnOrder="23" id="EVSYS_CHANNEL_30_USER_READY">
          <Values dnOrder="0">
            <Dynamic dnOrder="0" id="evsys" value="false"/>
          </Values>
        </Boolean>
        <Boolean dnOrder="24" id="EVSYS_CHANNEL_31_USER_READY">
          <Values dnOrder="0">
            <Dynamic dnOrder="0" id="evsys" value="false"/>
          </Values>
        </Boolean>
        <Boolean dnOrder="25" id="EVSYS_CHANNEL_3_USER_READY">
          <Values dnOrder="0">
            <Dynamic dnOrder="0" id="evsys" value="false"/>
          </Values>
        </Boolean>
        <Boolean dnOrder="26" id="EVSYS_CHANNEL_4_USER_READY">
          <Values dnOrder="0">
            <Dynamic dnOrder="0" id="evsys" value="false"/>
          </Values>
        </Boolean>
        <Boolean dnOrder="27" id="EVSYS_CHANNEL_5_USER_READY">
          <Values dnOrder="0">
            <Dynamic dnOrder="0" id="evsys" value="false"/>
          </Values>
        </Boolean>
        <Boolean dnOrder="28" id="EVSYS_CHANNEL_6_USER_READY">
          <Values dnOrder="0">
            <Dynamic dnOrder="0" id="evsys" value="false"/>
          </Values>
        </Boolean>
        <Boolean dnOrder="29" id="EVSYS_CHANNEL_7_USER_READY">
          <Values dnOrder="0">
            <Dynamic dnOrder="0" id="evsys" value="false"/>
          </Values>
        </Boolean>
        <Boolean dnOrder="30" id="EVSYS_CHANNEL_8_USER_READY">
          <Values dnOrder="0">
            <Dynamic dnOrder="0" id="evsys" value="false"/>
          </Values>
        </Boolean>
        <Boolean dnOrder="31" id="EVSYS_CHANNEL_9_USER_READY">
          <Values dnOrder="0">
            <Dynamic dnOrder="0" id="evsys" value="false"/>
          </Values>
        </Boolean>
      </Symbols>
    </UniqueComponent>
    <UniqueComponent dnOrder="4" id="nvm"/>
    <UniqueComponent dnOrder="5" id="sercom2">
      <Symbols dnOrder="0">
        <Hex dnOrder="0" id="I2CM_BAUD">
          <Values dnOrder="0">
            <Dynamic dnOrder="0" id="sercom2" value="72"/>
          </Values>
        </Hex>
        <KeyValueSet dnOrder="1" id="I2CM_MODE">
          <Attributes dnOrder="0">
            <Boolean dnOrder="0" id="visible">
              <Value dnOrder="0">true</Value>
            </Boolean>
          </Attributes>
        </KeyValueSet>
        <Integer dnOrder="2" id="I2CM_TRISE">
          <Attributes dnOrder="0">
            <Boolean dnOrder="0" id="visible">
              <Value dnOrder="0">true</Value>
            </Boolean>
          </Attributes>
        </Integer>
        <Integer dnOrder="3" id="I2CS_SDASETUP_TIME_NS">
          <Attributes dnOrder="0">
            <Integer dnOrder="0" id="max">
              <Value dnOrder="0">3843</Value>
            </Integer>
          </Attributes>
        </Integer>
        <Integer dnOrder="4" id="I2CS_SDASETUP_TIME_REG_VALUE">
          <Values dnOrder="0">
            <Dynamic dnOrder="0" id="sercom2" value="0"/>
          </Values>
        </Integer>
        <Boolean dnOrder="5" id="I2CS_SDASETUP_TIME_SUPPORT">
          <Values dnOrder="0">
            <Dynamic dnOrder="0" id="sercom2" value="true"/>
          </Values>
        </Boolean>
        <Boolean dnOrder="6" id="I2C_ADDR_TENBITEN">
          <Attributes dnOrder="0">
            <Boolean dnOrder="0" id="visible">
              <Value dnOrder="0">true</Value>
            </Boolean>
          </Attributes>
        </Boolean>
        <Comment dnOrder="7" id="I2C_BAUD_ERROR_COMMENT">
          <Attributes dnOrder="0">
            <Boolean dnOrder="0" id="visible">
              <Value dnOrder="0">false</Value>
            </Boolean>
          </Attributes>
        </Comment>
        <Integer dnOrder="8" id="I2C_CLOCK_SPEED">
          <Attributes dnOrder="0">
            <Boolean dnOrder="0" id="visible">
              <Value dnOrder="0">true</Value>
            </Boolean>
          </Attributes>
          <Values dnOrder="1">
            <User dnOrder="0" value="400"/>
          </Values>
        </Integer>
        <Boolean dnOrder="9" id="I2C_RUNSTDBY">
          <Attributes dnOrder="0">
            <Boolean dnOrder="0" id="visible">
              <Value dnOrder="0">true</Value>
            </Boolean>
          </Attributes>
        </Boolean>
        <KeyValueSet dnOrder="10" id="I2C_SDAHOLD_TIME">
          <Attributes dnOrder="0">
            <Boolean dnOrder="0" id="visible">
              <Value dnOrder="0">true</Value>
            </Boolean>
          </Attributes>
        </KeyValueSet>
        <String dnOrder="11" id="RECEIVE_DATA_REGISTER">
          <Values dnOrder="0">
            <Dynamic dnOrder="0" id="sercom2" value=""/>
          </Values>
        </String>
        <File dnOrder="12" id="SERCOM_I2CM_HEADER">
          <Attributes dnOrder="0">
            <Boolean dnOrder="0" id="enabled">
              <Value dnOrder="0">true</Value>
            </Boolean>
          </Attributes>
        </File>
        <File dnOrder="13" id="SERCOM_I2CM_MASTER_HEADER">
          <Attributes dnOrder="0">
            <Boolean dnOrder="0" id="enabled">
              <Value dnOrder="0">true</Value>
            </Boolean>
          </Attributes>
        </File>
        <File dnOrder="14" id="SERCOM_I2CM_SOURCE">
          <Attributes dnOrder="0">
            <Boolean dnOrder="0" id="enabled">
              <Value dnOrder="0">true</Value>
            </Boolean>
          </Attributes>
        </File>
        <KeyValueSet dnOrder="15" id="SERCOM_MODE">
          <Values dnOrder="0">
            <User dnOrder="0" value="2"/>
          </Values>
        </KeyValueSet>
        <File dnOrder="16" id="SERCOM_USART_COMMON_HEADER">
          <Attributes dnOrder="0">
            <Boolean dnOrder="0" id="enabled">
              <Value dnOrder="0">false</Value>
            </Boolean>
          </Attributes>
        </File>
        <File dnOrder="17" id="SERCOM_USART_HEADER">
          <Attributes dnOrder="0">
            <Boolean dnOrder="0" id="enabled">
              <Value dnOrder="0">false</Value>
            </Boolean>
          </Attributes>
        </File>
        <File dnOrder="18" id="SERCOM_USART_SOURCE">
          <Attributes dnOrder="0">
            <Boolean dnOrder="0" id="enabled">
              <Value dnOrder="0">false</Value>
            </Boolean>
          </Attributes>
        </File>
        <Integer dnOrder="19" id="SPI_BAUD_REG_VALUE">
          <Values dnOrder="0">
            <Dynamic dnOrder="0" id="sercom2" value="31"/>
          </Values>
        </Integer>
        <String dnOrder="20" id="TRANSMIT_DATA_REGISTER">
          <Values dnOrder="0">
            <Dynamic dnOrder="0" id="sercom2" value=""/>
          </Values>
        </String>
        <Integer dnOrder="21" id="USART_BAUD_RATE">
          <Attributes dnOrder="0">
            <Boolean dnOrder="0" id="visible">
              <Value dnOrder="0">false</Value>
            </Boolean>
          </Attributes>
        </Integer>
        <Integer dnOrder="22" id="USART_BAUD_VALUE">
          <Values dnOrder="0">
            <Dynamic dnOrder="0" id="sercom2" value="63648"/>
          </Values>
        </Integer>
        <KeyValueSet dnOrder="23" id="USART_CHARSIZE_BITS">
          <Attributes dnOrder="0">
            <Boolean dnOrder="0" id="visible">
              <Value dnOrder="0">false</Value>
            </Boolean>
          </Attributes>
        </KeyValueSet>
        <KeyValueSet dnOrder="24" id="USART_FORM">
          <Attributes dnOrder="0">
            <Boolean dnOrder="0" id="visible">
              <Value dnOrder="0">false</Value>
            </Boolean>
          </Attributes>
          <Values dnOrder="1">
            <Dynamic dnOrder="0" id="sercom2" value="0"/>
          </Values>
        </KeyValueSet>
        <Boolean dnOrder="25" id="USART_INTERRUPT_MODE">
          <Attributes dnOrder="0">
            <Boolean dnOrder="0" id="visible">
              <Value dnOrder="0">false</Value>
            </Boolean>
          </Attributes>
        </Boolean>
        <Boolean dnOrder="26" id="USART_LIN_MASTER_SUPPORTED">
          <Values dnOrder="0">
            <Dynamic dnOrder="0" id="sercom2" value="true"/>
          </Values>
        </Boolean>
        <KeyValueSet dnOrder="27" id="USART_PARITY_MODE">
          <Attributes dnOrder="0">
            <Boolean dnOrder="0" id="visible">
              <Value dnOrder="0">false</Value>
            </Boolean>
          </Attributes>
        </KeyValueSet>
        <Boolean dnOrder="28" id="USART_RING_BUFFER_ENABLE">
          <Attributes dnOrder="0">
            <Boolean dnOrder="0" id="visible">
              <Value dnOrder="0">false</Value>
            </Boolean>
          </Attributes>
        </Boolean>
        <Boolean dnOrder="29" id="USART_RUNSTDBY">
          <Attributes dnOrder="0">
            <Boolean dnOrder="0" id="visible">
              <Value dnOrder="0">false</Value>
            </Boolean>
          </Attributes>
        </Boolean>
        <KeyValueSet dnOrder="30" id="USART_RXPO">
          <Attributes dnOrder="0">
            <Boolean dnOrder="0" id="visible">
              <Value dnOrder="0">false</Value>
            </Boolean>
          </Attributes>
        </KeyValueSet>
        <Boolean dnOrder="31" id="USART_RX_ENABLE">
          <Attributes dnOrder="0">
            <Boolean dnOrder="0" id="visible">
              <Value dnOrder="0">false</Value>
            </Boolean>
          </Attributes>
        </Boolean>
        <Integer dnOrder="32" id="USART_SAMPLE_COUNT">
          <Values dnOrder="0">
            <Dynamic dnOrder="0" id="sercom2" value="16"/>
          </Values>
        </Integer>
        <Integer dnOrder="33" id="USART_SAMPLE_RATE">
          <Values dnOrder="0">
            <Dynamic dnOrder="0" id="sercom2" value="0"/>
          </Values>
        </Integer>
        <KeyValueSet dnOrder="34" id="USART_STOP_BIT">
          <Attributes dnOrder="0">
            <Boolean dnOrder="0" id="visible">
              <Value dnOrder="0">false</Value>
            </Boolean>
          </Attributes>
        </KeyValueSet>
        <KeyValueSet dnOrder="35" id="USART_TXPO">
          <Attributes dnOrder="0">
            <Boolean dnOrder="0" id="visible">
              <Value dnOrder="0">false</Value>
            </Boolean>
          </Attributes>
        </KeyValueSet>
        <Boolean dnOrder="36" id="USART_TX_ENABLE">
          <Attributes dnOrder="0">
            <Boolean dnOrder="0" id="visible">
              <Value dnOrder="0">false</Value>
            </Boolean>
          </Attributes>
        </Boolean>
      </Symbols>
    </UniqueComponent>
  </Components>
  <UserData>
    <GraphSettings canvasHeight="400" canvasWidth="400" dnOrder="0"/>
    <ComponentGraph dnOrder="1" id="__ROOTVIEW">
      <ElementPositions dnOrder="0">
        <ElementPosition dnOrder="0" id="cmsis" x="170" y="60"/>
        <ElementPosition dnOrder="1" id="core" x="360" y="20"/>
        <ElementPosition dnOrder="2" id="dfp" x="160" y="20"/>
        <ElementPosition dnOrder="3" id="evsys" x="20" y="20"/>
        <ElementPosition dnOrder="4" id="nvm" x="290" y="60"/>
        <ElementPosition dnOrder="5" id="sercom2" x="161" y="152"/>
      </ElementPositions>
    </ComponentGraph>
  </UserData>
</Configuration>
